sequence_id,sequence_string,sequence_hash,target_family,sequence_length,motif_match_score,binding_affinity_kcal_mol,isoelectric_point,hydrophobicity_index,synthesizability_score,toxicity_flag,dataset_split,source
SEQ-000001,A-K-I-I-F-E-V-D-W-Q-C,sha256:b9fcb663ce790b220e8666670cabce4aa890ede2e745822bc49fe63085d6ff96,benchmark_kinase,11,0.5,-7.986,6.32,0.091,0.99,False,train,synthetic_benchmark_v1
SEQ-000002,I-T-Y-A-V-H-V-Q-I-R-W-K-A-G,sha256:e5bb813cb257f2e18baf90517a74ba62e95f5a6f1de899cb5441e8fcdcfa7ec6,benchmark_gpcr,14,0.5,-7.351,6.14,0.143,0.99,False,train,synthetic_benchmark_v1
SEQ-000003,K-F-H-M-E-D-P-E-N-N-Y-K-C-R-V-E-P-D,sha256:0d2d415337cd97531e53b928330b5830ddca22ed15aea35e9c712dd2f3d4e7d1,benchmark_enzyme,18,1.0,-8.958,7.0,-0.556,0.99,False,train,synthetic_benchmark_v1
SEQ-000004,W-H-D-C-I-L-D-I-E-P-K-R-N-G-N-N-H-K-D,sha256:7ec3c4c60a8536d37a41ccc5b332593bb32df6ee6ccf61dc960086ef355cbaae,benchmark_receptor,19,0.5,-8.01,6.92,-0.579,0.99,False,train,synthetic_benchmark_v1
SEQ-000005,V-I-G-R-P-K-V-I-M-C-I-C-M,sha256:0c6d8023407ed2b41d08e49c2c26dcc1f07ad4f37aeee13d684d46233c8efecb,benchmark_kinase,13,0.5,-7.608,5.96,0.077,0.99,False,train,synthetic_benchmark_v1
SEQ-000006,H-W-M-H-S-P-R-F-K-F,sha256:e94288f1ea1b9efbd1ad084c04d2eb52788dd223d3753aa570375448cb1a9f6b,benchmark_gpcr,10,1.0,-8.684,6.7,-0.2,0.99,False,train,synthetic_benchmark_v1
SEQ-000007,V-K-W-Q-W-P-N-I-F-T-S-D-C-E-F-G-Q-Y-D-P-P-Y-R-T-K,sha256:d716a46fb2d30a1b8d2f3bb9a9cbdf65351f9bc92d64b4efcfa50fdadecbb7cd,benchmark_enzyme,25,0.5,-7.379,6.22,-0.36,0.99,False,train,synthetic_benchmark_v1
SEQ-000008,E-V-K-M-E-L-Q-G,sha256:56636c3c2b854c7d9b610c7abfa4c7fc1f8b041d8e21d8d9618ec7e9a96d4978,benchmark_receptor,8,1.0,-8.401,6.62,-0.25,0.99,False,train,synthetic_benchmark_v1
SEQ-000009,T-G-T-E-L-T-Y-H-F-N-G-V-T-A-Y-M,sha256:bbeb6600f92bbabcf45afc8fa68cbe5fc59c6ebe962a195b7dc2ac26aaa192e4,benchmark_kinase,16,0.5,-7.666,5.88,-0.125,0.99,False,train,synthetic_benchmark_v1
SEQ-000010,N-L-I-C-I-W-D-D-S-D-V,sha256:62bde947702563bafa24e7479520c72dd8a359b74d32f4d2c167cbf003e8b731,benchmark_gpcr,11,0.0,-6.203,6.32,-0.091,0.99,False,train,synthetic_benchmark_v1
SEQ-000011,S-V-G-K-T-Y-Q-H-V-H-L-P,sha256:0a26518479f263788ada56c762222c8a647495e481d69a91c62df4339b143b03,benchmark_enzyme,12,0.5,-7.086,6.25,-0.333,0.99,False,train,synthetic_benchmark_v1
SEQ-000012,R-T-R-E-I-I-D-M-A-W-V-I-W-I-A-D-C-I-D,sha256:2d6c4435064008f55005926a61838dba91ef02f4ef0e03505acbea7eb3374b64,benchmark_receptor,19,0.0,-6.376,6.45,0.158,0.99,False,train,synthetic_benchmark_v1
SEQ-000013,D-T-I-K-S-H-V-F-W-W-S-I-S-Q-H-E-E-Q,sha256:e1c64fde58b14b6e2807f77eb025206fa7a0cdc731d75ac9511d4e24c8931413,benchmark_kinase,18,0.5,-8.095,6.5,-0.333,0.99,False,train,synthetic_benchmark_v1
SEQ-000014,R-C-E-C-P-M-E-I-H-H-V-R-F-Q-G-K-R-I-D-R-V,sha256:6bcd8c5742dabea50531032ffbb82979ac4429400ca34e55a656dec53df49ef9,benchmark_gpcr,21,1.0,-9.389,6.93,-0.429,0.99,False,train,synthetic_benchmark_v1
SEQ-000015,A-D-I-G-Q-S-S-H-P-C-G-P-A-P-K-R-L-Q-V-S-F-H-L-H-C,sha256:04dcc53963276d4270c1b63bac8639837807723e74ea216d5c68b65c27271d69,benchmark_enzyme,25,1.0,-8.821,6.22,-0.44,0.95,False,train,synthetic_benchmark_v1
SEQ-000016,C-M-C-C-W-S-T-T-G-C-T-D-G-D-Y-D-I-P-E-W-I-W-Y-C-Y,sha256:d837c7b22ed5c48dafd298b342e31446bdf2d3014f60428782c9d93b421c3b1d,benchmark_receptor,25,0.0,-7.474,5.98,-0.28,0.59,True,train,synthetic_benchmark_v1
SEQ-000017,M-K-H-M-I-K-P-F-L-R-M-D-A-R-Y-W-E-D-V-H-T-K-F-N,sha256:91a14d76a4545a749cfde60b8bf615aee278c6819a30b3cdce2011a4ddd067f9,benchmark_kinase,24,1.0,-8.138,6.75,-0.083,0.99,False,train,synthetic_benchmark_v1
SEQ-000018,N-L-G-R-V-L-Y-T-A-V-L-E-F-K-E,sha256:460e45bee07c61877fc0ced0220b6b85388f98bd2da1ae2cd96567862ecbc4a2,benchmark_gpcr,15,1.0,-7.993,6.3,0.067,0.99,False,train,synthetic_benchmark_v1
SEQ-000019,F-K-L-Y-H-M-H-K-T-S-K-C-D-Q-K-C-A-M-F-K-G-R-V-Q-V,sha256:eba89d7d4cca9e173afabcc06a521351371a07d3a97591b186859c828e19e46e,benchmark_enzyme,25,1.0,-9.36,6.58,-0.28,0.99,False,train,synthetic_benchmark_v1
SEQ-000020,F-V-C-N-W-V-F-Q-F-C,sha256:5245c9f2846d4f748af50897b116286dbffce4728bc3dfd922932a4f85813e17,benchmark_receptor,10,0.5,-7.71,5.5,0.2,0.99,False,train,synthetic_benchmark_v1
SEQ-000021,N-H-I-E-N-V-Q-Y-F,sha256:82cf516aa2d363ee415043cb5a6ad53e5d2bdd3ee54a74ccfe06de87fa5ebec8,benchmark_kinase,9,0.5,-6.849,6.17,-0.111,0.99,False,train,synthetic_benchmark_v1
SEQ-000022,G-G-Q-A-G-M-Q-I-K-G-E-P-C-S-I,sha256:f616d337dc762f772dbd7405a19f684ffa9c4e10f12d73deab087aec445e784d,benchmark_gpcr,15,0.0,-7.381,5.9,-0.467,0.99,False,train,synthetic_benchmark_v1
SEQ-000023,N-L-I-I-A-H-P-M-K-D-K-N-T-P-V-M-A-E-K-G-W-K,sha256:06f1467b42aea3be46289505d89dd733961301e5cf7d5b867eb09cc08c7c7ea3,benchmark_enzyme,22,1.0,-9.238,6.45,-0.182,0.99,False,train,synthetic_benchmark_v1
SEQ-000024,N-M-Q-Y-T-E-P-W-H-K-C-Q-A-T-V-H-N-Q-D-M-Y,sha256:50d64806c8ad22a143b1f3d79c331317094812710ddfa7819fe0078820bd8ef7,benchmark_receptor,21,0.5,-8.143,6.21,-0.333,0.99,False,train,synthetic_benchmark_v1
SEQ-000025,L-T-L-Q-M-P-L-V-F-H-Q,sha256:cf4a31aad81d4782621df75d94fa8ba917c963f776e37c88a0743cb6543f100f,benchmark_kinase,11,0.0,-6.324,5.77,0.091,0.99,False,train,synthetic_benchmark_v1
SEQ-000026,G-Y-W-L-P-V-A-L-L-H-Q-W-Y-M-R-R-R-H-T-S,sha256:058494aa4c105038dc5e484014865d834bfb7e412548e460c2737a7a0faea703,benchmark_gpcr,20,0.5,-7.268,6.25,0.0,0.99,False,train,synthetic_benchmark_v1
SEQ-000027,D-L-T-Y-M-D-I-L-I-H-F-A-C,sha256:51918517cc7edf930ca47b5e70cdd77cab15f81b3d7c15ad8395ef460a35ebba,benchmark_enzyme,13,1.0,-8.834,6.19,0.231,0.99,False,train,synthetic_benchmark_v1
SEQ-000028,Y-D-R-Q-W-H-P-S-P-I-F-A-E-Q-I-G-T-R-C-V-I-E-R,sha256:7bd220b9e76443d5de9a3a0f9b214d8d21031c81838340d8215bca21b03bfa01,benchmark_receptor,23,0.5,-8.334,6.41,-0.304,0.99,False,train,synthetic_benchmark_v1
SEQ-000029,T-V-Y-M-R-Y-T-Q-V-R-G-S-R-K-I-K-T-S-I-K-R-D,sha256:e3563d1064e2d41d7bb81adead9b5e441b0bb3ea6ec3e9107492c4c79a3753a5,benchmark_kinase,22,1.0,-8.591,6.59,-0.364,0.99,False,train,synthetic_benchmark_v1
SEQ-000030,K-M-M-V-D-F-F-I-P-F-H-D-Q-Q-M,sha256:bade6a7580a824d8ef60ab87fdb3fc17e3f723f62f2c339898c92e1d214b16c0,benchmark_gpcr,15,0.5,-7.509,6.3,0.067,0.99,False,train,synthetic_benchmark_v1
SEQ-000031,C-H-Q-P-W-A-W-P-S-A-N-L-P-Q-V-V-Y-I-S-I-K,sha256:8e3f1ddd16177b2fe158df12fd37c7d88fefc3fa8bc5a5185555517271ea151e,benchmark_enzyme,21,0.5,-7.74,5.79,-0.048,0.99,False,train,synthetic_benchmark_v1
SEQ-000032,P-M-P-G-R-F-Y-V,sha256:62c18b7840364a9b25dec3b5f4487d5b511ff6f514759eea76bcd8c4d65f6b75,benchmark_receptor,8,0.0,-6.888,5.88,0.0,0.99,False,train,synthetic_benchmark_v1
SEQ-000033,W-W-A-D-Q-F-R-G-C-K-P-M-H-R-M-M-P-K-Q-K,sha256:26e6f3beb66665149e48e60aa2c067646af074ad0ef909a53e3f2316881129ad,benchmark_kinase,20,0.5,-7.488,6.55,-0.3,0.99,False,train,synthetic_benchmark_v1
SEQ-000034,A-V-C-N-I-D-C-A-I-H-A-Y-F-I-F-S-E-W-H-R-K-N-G,sha256:77185baa0d465f8a8be024967ad571b0962f2a935e6e12c70b36242825838522,benchmark_gpcr,23,1.0,-8.432,6.28,-0.043,0.99,False,train,synthetic_benchmark_v1
SEQ-000035,G-L-E-W-A-L-W-P-P-H-D,sha256:eb098c558f3f1a2172627e3b1233cdf1c7a75ee9453ea2ef0403b5c3e055586c,benchmark_enzyme,11,1.0,-8.211,6.32,-0.091,0.99,False,train,synthetic_benchmark_v1
SEQ-000036,E-L-Y-E-W-C-N-V-Q-N-D-T-M-A-Q,sha256:a11af7650f6115acc239b3b942d3865062ed20710ff2e165470264a00122fd37,benchmark_receptor,15,1.0,-8.193,6.1,-0.2,0.99,False,train,synthetic_benchmark_v1
SEQ-000037,Q-N-R-F-Q-G-T-K-Y-V-S,sha256:31f63f9af8c57f4e62aa2060dea47b03207d661fa48548a10a88d7d76ff86d7d,benchmark_kinase,11,1.0,-8.692,6.05,-0.455,0.99,False,train,synthetic_benchmark_v1
SEQ-000038,M-I-D-K-R-I-R-W-Y-P-M-A-S-M-G-S,sha256:c7be9755d589f4bcc4d24c9343b9c991127c6412b20a1b0cc58ea548a3bee383,benchmark_gpcr,16,0.5,-7.885,6.25,0.0,0.99,False,train,synthetic_benchmark_v1
SEQ-000039,M-K-Y-K-V-A-T-H-D-I-Q-S-V-I-S-S,sha256:0f98084a0082897217360037a319f47240c310d6eb4a1b18935d98a8fb730580,benchmark_enzyme,16,1.0,-8.615,6.25,-0.125,0.99,False,train,synthetic_benchmark_v1
SEQ-000040,D-L-I-P-I-L-W-N,sha256:6cc77fddbe1de0e0b4f5b4d5dd0f2b3afb3e5a3f3127dedb7164a5feedc90317,benchmark_receptor,8,0.5,-7.477,5.88,0.25,0.99,False,train,synthetic_benchmark_v1
SEQ-000041,N-Q-V-M-N-R-K-L-K-I-E-H-M-E-V-G-H-H-S-K-W-T-Y-L,sha256:8c2d449032fa60b4f3482242ea38734701d1a1e6a9cfb55f8d64f5c0aeaaf7f5,benchmark_kinase,24,1.0,-8.168,6.62,-0.25,0.99,False,train,synthetic_benchmark_v1
SEQ-000042,L-I-N-G-L-A-V-F-K-C-C-V-L-F,sha256:a7e4db2f70161c5dba7963f4c8562c7069e66e6a9ea560ea0278290e98ced0ff,benchmark_gpcr,14,0.5,-7.552,5.71,0.286,0.99,False,train,synthetic_benchmark_v1
SEQ-000043,E-A-W-L-S-S-R-M-G-C-K-S-E-D-P-S-D-W-C-F-F-W-L,sha256:e56db76a83a413c0a90af7e95b965be3ed780455a8dc057f55c244bd40f91eb8,benchmark_enzyme,23,0.5,-8.313,6.28,-0.217,0.955,False,train,synthetic_benchmark_v1
SEQ-000044,E-V-Q-Y-Y-Y-I-T-P-R-R-L-W-Q-L,sha256:0707b245a03df15ad65bdff915a1fa9fe365fc0b4e11cc8ba0a89e021b6fac36,benchmark_receptor,15,1.0,-8.378,6.1,0.067,0.99,False,train,synthetic_benchmark_v1
SEQ-000045,Y-E-H-H-K-D-G-I-G,sha256:9dad6a1cfe9a837e20f1764e535dc446bdf82419176c74c898fbdbcc684065b6,benchmark_kinase,9,1.0,-8.598,7.17,-0.556,0.99,False,validation,synthetic_benchmark_v1
SEQ-000046,A-Q-R-Y-S-L-C-I-L-L-R-D-I,sha256:cad2555b7b21542be1927e6fc440fba4a623b61cb27486c67e0851a90748d5d2,benchmark_gpcr,13,0.5,-6.981,6.19,0.077,0.99,False,validation,synthetic_benchmark_v1
SEQ-000047,Q-E-V-I-F-K-F-D-C-G-L-Y-W-L,sha256:256612773fc428a1018a2e768d8a194a00bf19120cf287facdeadc55db1e1a55,benchmark_enzyme,14,0.5,-7.662,6.14,0.143,0.99,False,validation,synthetic_benchmark_v1
SEQ-000048,L-P-K-T-V-S-R-D-Y-C-Q-M-Y-K-A-D-I-W-W-A-K-W,sha256:75045029c99e84fe3c6fb00bb934dba416835ac026b385428178234624a54055,benchmark_receptor,22,1.0,-9.072,6.32,0.0,0.99,False,validation,synthetic_benchmark_v1
SEQ-000049,S-T-R-K-G-W-Q-S-D-S-N-Q-M,sha256:f3db6b291582ba39a0be4120a3e8e7905fc4d63da87d918247d70bae1467d79d,benchmark_kinase,13,0.5,-8.258,6.19,-0.692,0.99,False,validation,synthetic_benchmark_v1
SEQ-000050,G-M-Q-S-L-P-V-C-R-D-M,sha256:c093489d27c736027f9ea2e221514591a138bd50416ab00ff66ba4999067f32e,benchmark_gpcr,11,0.5,-7.883,6.05,-0.273,0.99,False,validation,synthetic_benchmark_v1
SEQ-000051,P-T-A-V-R-Q-C-H-T-N-Y,sha256:417584752fbec836b566770da5967bdda9ca473b2999c0e3c70de3ef6ab0535f,benchmark_enzyme,11,0.5,-7.442,6.05,-0.455,0.99,False,validation,synthetic_benchmark_v1
SEQ-000052,C-H-K-V-F-L-R-S-E-A-Y-I-G-L-V-A-V-Q-D-I-E-R,sha256:925a56ba229920ce70be3c47cd5127f7a925837b4c721a8d988efa4dfae95c63,benchmark_receptor,22,1.0,-7.984,6.45,0.0,0.99,False,validation,synthetic_benchmark_v1
SEQ-000053,S-L-T-K-Q-S-S-I-R-V-F-P,sha256:dcf8940cf4ee55eaaf4de3ab155a33b6dddffb9ec771fa92542d68fc1f20a09b,benchmark_kinase,12,0.5,-8.051,6.0,-0.333,0.99,False,validation,synthetic_benchmark_v1
SEQ-000054,F-D-K-Q-M-T-K-A-L-L-W-W-S-F-R-V-S-N-M-V-V-P-R-M,sha256:b31fff02f3d7d94d414e71c81d700cde1eb8d9e58596b9f1e278421e06f21088,benchmark_gpcr,24,1.0,-8.151,6.12,0.083,0.99,False,validation,synthetic_benchmark_v1
SEQ-000055,W-P-I-Q-C-M-S-P-P-F-S-C-F-T-W,sha256:796e3686d04f951d4561724cf011dc5f5152f410d22a6bb55a12c66c1db9750e,benchmark_enzyme,15,0.0,-6.982,5.5,-0.2,0.99,False,test,synthetic_benchmark_v1
SEQ-000056,R-E-T-R-A-F-Q-F-D-S-K,sha256:62cd2f21180922d245aedc2bdb58b60d79aa91fd7cbea84060ceb9aaba489313,benchmark_receptor,11,0.5,-7.943,6.86,-0.455,0.99,False,test,synthetic_benchmark_v1
SEQ-000057,D-M-V-P-M-S-V-C-Y-D-I-L-I-D-Q-E-E-R-G-L,sha256:1454cb660165fec71f5fd0eb018c7abb84947aa11bfcb5522d38f892c135acb1,benchmark_kinase,20,0.5,-7.226,6.4,-0.1,0.99,False,test,synthetic_benchmark_v1
SEQ-000058,M-C-L-N-N-Q-F-I-T,sha256:4e88ffb5ca87dd4234e13b7f2a39a3e2ff8d00436b521cd53e7806902c55892b,benchmark_gpcr,9,0.5,-7.465,5.5,-0.111,0.99,False,test,synthetic_benchmark_v1
SEQ-000059,G-G-D-Y-P-Y-I-S-W-F-I-R-K,sha256:81adf6d027871a173cc12f146fed23004a4d93c6a9fc05df9b7030a524c7eb7d,benchmark_enzyme,13,0.5,-7.538,6.19,-0.077,0.99,False,test,synthetic_benchmark_v1
SEQ-000060,R-L-V-G-D-R-N-W,sha256:b7bfff42ecc48da6ac783a0506577cb98d04967a398d7adb7a79c6d4ab68f425,benchmark_receptor,8,0.5,-7.686,6.62,-0.25,0.99,False,test,synthetic_benchmark_v1
SEQ-000061,K-R-L-H-P-S-E-I-P-W-N-W-L-L-A-P-K-A-W-C-Y,sha256:379b5e4b201cd5308278477dc806cd920ea32fe07dc068c5af17fa176bd858f7,benchmark_kinase,21,1.0,-8.269,6.21,-0.048,0.99,False,test,synthetic_benchmark_v1
SEQ-000062,I-Y-N-I-H-Y-K-F-E-C-L-R-C-W-N-F-D,sha256:668ebcf656c65cf8a7fce4cd77a1f13f35648997954708e38a193a26831bd475,benchmark_gpcr,17,1.0,-8.042,6.38,-0.059,0.99,False,test,synthetic_benchmark_v1
SEQ-000063,Q-G-H-F-V-N-T-T-K-G-K-S-L-M-E-R-D-F,sha256:cd700464db3b1f6197b5b7d8c1f82d5ee5bd55b09142ebb78fa03bc3a7330eb8,benchmark_enzyme,18,1.0,-8.615,6.5,-0.444,0.99,False,test,synthetic_benchmark_v1
SEQ-000064,P-V-N-D-P-A-K-V-E-R-N-K-W-P-N,sha256:82bbd72bf67e00d3f746923c1dbbd2ab42f9d254f57c12786936830f3ddaddd1,benchmark_receptor,15,0.0,-7.49,6.5,-0.467,0.99,False,test,synthetic_benchmark_v1
